name,label
black/00000079.jpg,black
black/00000180.jpg,black
black/00000138.jpg,black
black/00000030.jpg,black
black/00000133.jpg,black
black/00000002.jpg,black
black/00000034.jpg,black
black/00000190.jpg,black
black/00000043.jpg,black
black/00000188.jpg,black
black/00000049.jpg,black
black/00000099.jpg,black
black/00000080.jpg,black
black/00000145.jpg,black
black/00000152.jpg,black
black/00000197.JPG,black
black/00000156.jpg,black
black/00000172.jpg,black
black/00000161.png,black
black/00000151.jpg,black
black/00000094.jpg,black
black/00000037.jpg,black
black/00000113.jpg,black
black/00000022.jpg,black
black/00000057.jpg,black
black/00000166.jpg,black
black/00000198.jpg,black
black/00000171.jpg,black
black/00000048.jpg,black
black/00000129.jpg,black
black/00000053.jpg,black
black/00000060.jpg,black
black/00000096.jpg,black
black/00000105.png,black
black/00000118.jpg,black
black/00000159.jpg,black
black/00000139.jpg,black
black/00000103.jpg,black
black/00000131.jpg,black
black/00000084.jpg,black
black/00000050.jpg,black
black/00000174.jpg,black
black/00000196.jpg,black
black/00000075.jpg,black
black/00000140.jpg,black
black/00000158.jpg,black
black/00000104.png,black
black/00000165.png,black
black/00000135.jpg,black
black/00000126.jpg,black
black/00000045.jpg,black
black/00000062.jpg,black
black/00000108.jpg,black
black/00000021.jpg,black
black/00000016.jpg,black
black/00000128.jpg,black
black/00000020.jpg,black
black/00000086.jpg,black
black/00000185.jpg,black
black/00000023.jpg,black
black/00000056.jpg,black
black/00000019.jpg,black
black/00000017.gif,black
black/00000090.jpg,black
black/00000114.jpg,black
black/00000163.jpg,black
black/00000065.jpg,black
black/00000083.jpg,black
black/00000150.jpg,black
black/00000088.jpg,black
black/00000014.jpg,black
black/00000046.JPG,black
black/00000076.jpg,black
black/00000187.jpg,black
black/00000111.jpg,black
black/00000110.jpg,black
black/00000052.jpg,black
black/00000051.jpeg,black
black/00000101.jpg,black
black/00000106.jpg,black
black/00000042.jpg,black
black/00000091.jpg,black
black/00000025.jpg,black
black/00000006.jpg,black
black/00000087.jpg,black
black/00000144.jpeg,black
black/00000153.jpg,black
black/00000132.jpg,black
black/00000109.jpg,black
black/00000123.jpg,black
black/00000009.jpg,black
black/00000146.jpg,black
black/00000063.jpg,black
black/00000073.jpg,black
black/00000041.jpeg,black
black/00000142.jpg,black
black/00000071.jpg,black
black/00000024.jpg,black
black/00000167.jpg,black
black/00000189.JPG,black
black/00000127.jpg,black
black/00000149.jpg,black
black/00000121.jpg,black
black/00000192.jpg,black
black/00000082.jpg,black
black/00000183.jpg,black
black/00000003.jpg,black
black/00000027.jpg,black
black/00000044.jpg,black
black/00000098.jpg,black
black/00000199.jpg,black
black/00000097.jpg,black
black/00000070.jpg,black
black/00000154.jpg,black
black/00000164.jpg,black
black/00000067.jpg,black
black/00000026.jpg,black
black/00000000.jpg,black
black/00000047.jpg,black
black/00000184.jpg,black
black/00000157.jpg,black
black/00000141.jpg,black
black/00000107.jpg,black
black/00000186.jpg,black
black/00000115.jpg,black
black/00000031.jpg,black
black/00000122.jpg,black
black/00000147.jpg,black
black/00000137.jpg,black
black/00000092.jpg,black
black/00000182.jpg,black
black/00000007.jpg,black
black/00000194.JPG,black
black/00000116.jpg,black
black/00000068.jpg,black
black/00000160.jpg,black
black/00000169.jpg,black
black/00000093.jpg,black
black/00000089.jpg,black
black/00000168.png,black
black/00000136.jpg,black
black/00000085.jpg,black
black/00000054.jpg,black
black/00000005.jpg,black
teddy/00000079.jpg,teddy
teddy/00000180.jpg,teddy
teddy/00000173.jpeg,teddy
teddy/00000138.jpg,teddy
teddy/00000100.jpg,teddy
teddy/00000030.jpg,teddy
teddy/00000002.jpg,teddy
teddy/00000102.jpg,teddy
teddy/00000012.jpg,teddy
teddy/00000034.jpg,teddy
teddy/00000108.png,teddy
teddy/00000125.jpg,teddy
teddy/00000170.JPG,teddy
teddy/00000190.jpg,teddy
teddy/00000162.jpg,teddy
teddy/00000155.jpg,teddy
teddy/00000197.jpg,teddy
teddy/00000049.jpg,teddy
teddy/00000148.jpg,teddy
teddy/00000147.png,teddy
teddy/00000015.jpg,teddy
teddy/00000074.jpeg,teddy
teddy/00000080.jpg,teddy
teddy/00000145.jpg,teddy
teddy/00000152.jpg,teddy
teddy/00000156.jpg,teddy
teddy/00000134.jpg,teddy
teddy/00000151.jpg,teddy
teddy/00000105.jpg,teddy
teddy/00000113.jpg,teddy
teddy/00000179.jpg,teddy
teddy/00000004.jpg,teddy
teddy/00000057.jpg,teddy
teddy/00000166.jpg,teddy
teddy/00000171.jpg,teddy
teddy/00000120.jpg,teddy
teddy/00000129.jpg,teddy
teddy/00000053.jpg,teddy
teddy/00000025.jpeg,teddy
teddy/00000096.jpg,teddy
teddy/00000165.jpg,teddy
teddy/00000139.jpg,teddy
teddy/00000131.jpg,teddy
teddy/00000189.jpg,teddy
teddy/00000077.jpg,teddy
teddy/00000196.jpg,teddy
teddy/00000075.jpg,teddy
teddy/00000193.jpeg,teddy
teddy/00000140.jpg,teddy
teddy/00000158.jpg,teddy
teddy/00000117.jpg,teddy
teddy/00000069.jpg,teddy
teddy/00000164.png,teddy
teddy/00000135.jpg,teddy
teddy/00000064.jpg,teddy
teddy/00000088.png,teddy
teddy/00000126.jpg,teddy
teddy/00000024.gif,teddy
teddy/00000045.jpg,teddy
teddy/00000021.jpg,teddy
teddy/00000016.jpg,teddy
teddy/00000095.jpg,teddy
teddy/00000128.jpg,teddy
teddy/00000032.jpg,teddy
teddy/00000020.jpg,teddy
teddy/00000195.jpg,teddy
teddy/00000086.jpg,teddy
teddy/00000185.jpg,teddy
teddy/00000023.jpg,teddy
teddy/00000019.jpg,teddy
teddy/00000090.jpg,teddy
teddy/00000035.jpg,teddy
teddy/00000114.jpg,teddy
teddy/00000163.jpg,teddy
teddy/00000065.jpg,teddy
teddy/00000083.jpg,teddy
teddy/00000010.jpg,teddy
teddy/00000059.jpg,teddy
teddy/00000187.jpg,teddy
teddy/00000111.jpg,teddy
teddy/00000110.jpg,teddy
teddy/00000017.jpg,teddy
teddy/00000028.jpg,teddy
teddy/00000101.jpg,teddy
teddy/00000038.png,teddy
teddy/00000042.jpg,teddy
teddy/00000191.jpg,teddy
teddy/00000091.jpg,teddy
teddy/00000013.jpg,teddy
teddy/00000046.jpg,teddy
teddy/00000006.jpg,teddy
teddy/00000087.jpg,teddy
teddy/00000052.png,teddy
teddy/00000132.jpg,teddy
teddy/00000124.jpg,teddy
teddy/00000123.jpg,teddy
teddy/00000146.jpg,teddy
teddy/00000073.jpg,teddy
teddy/00000142.jpg,teddy
teddy/00000071.jpg,teddy
teddy/00000061.png,teddy
teddy/00000050.jpeg,teddy
teddy/00000177.jpg,teddy
teddy/00000001.jpg,teddy
teddy/00000149.jpg,teddy
teddy/00000121.jpg,teddy
teddy/00000192.jpg,teddy
teddy/00000082.jpg,teddy
teddy/00000183.jpg,teddy
teddy/00000003.jpg,teddy
teddy/00000027.jpg,teddy
teddy/00000161.jpg,teddy
teddy/00000044.jpg,teddy
teddy/00000176.jpg,teddy
teddy/00000112.jpg,teddy
teddy/00000199.jpg,teddy
teddy/00000097.jpg,teddy
teddy/00000070.jpg,teddy
teddy/00000144.jpg,teddy
teddy/00000181.jpg,teddy
teddy/00000067.jpg,teddy
teddy/00000026.jpg,teddy
teddy/00000184.jpg,teddy
teddy/00000157.jpg,teddy
teddy/00000141.jpg,teddy
teddy/00000107.jpg,teddy
teddy/00000194.jpg,teddy
teddy/00000169.png,teddy
teddy/00000186.jpg,teddy
teddy/00000031.jpg,teddy
teddy/00000104.jpg,teddy
teddy/00000063.png,teddy
teddy/00000092.jpg,teddy
teddy/00000160.jpg,teddy
teddy/00000078.jpg,teddy
teddy/00000115.png,teddy
teddy/00000093.jpg,teddy
teddy/00000039.jpg,teddy
teddy/00000084.jpeg,teddy
teddy/00000033.jpg,teddy
teddy/00000136.jpg,teddy
teddy/00000054.jpg,teddy
teddy/00000005.jpg,teddy
grizzly/00000079.jpg,grizzly
grizzly/00000143.jpg,grizzly
grizzly/00000072.jpg,grizzly
grizzly/00000138.jpg,grizzly
grizzly/00000100.jpg,grizzly
grizzly/00000030.jpg,grizzly
grizzly/00000133.jpg,grizzly
grizzly/00000183.JPG,grizzly
grizzly/00000012.jpg,grizzly
grizzly/00000125.jpg,grizzly
grizzly/00000190.jpg,grizzly
grizzly/00000188.jpg,grizzly
grizzly/00000162.jpg,grizzly
grizzly/00000155.jpg,grizzly
grizzly/00000197.jpg,grizzly
grizzly/00000099.jpg,grizzly
grizzly/00000148.jpg,grizzly
grizzly/00000015.jpg,grizzly
grizzly/00000095.jpeg,grizzly
grizzly/00000193.JPG,grizzly
grizzly/00000145.jpg,grizzly
grizzly/00000058.jpg,grizzly
grizzly/00000152.jpg,grizzly
grizzly/00000156.jpg,grizzly
grizzly/00000172.jpg,grizzly
grizzly/00000134.jpg,grizzly
grizzly/00000105.jpg,grizzly
grizzly/00000090.png,grizzly
grizzly/00000037.jpg,grizzly
grizzly/00000022.jpg,grizzly
grizzly/00000179.jpg,grizzly
grizzly/00000004.jpg,grizzly
grizzly/00000057.jpg,grizzly
grizzly/00000166.jpg,grizzly
grizzly/00000048.jpg,grizzly
grizzly/00000120.jpg,grizzly
grizzly/00000053.jpg,grizzly
grizzly/00000096.jpg,grizzly
grizzly/00000118.jpg,grizzly
grizzly/00000159.jpg,grizzly
grizzly/00000165.jpg,grizzly
grizzly/00000103.jpg,grizzly
grizzly/00000131.jpg,grizzly
grizzly/00000084.jpg,grizzly
grizzly/00000174.jpg,grizzly
grizzly/00000075.jpg,grizzly
grizzly/00000173.jpg,grizzly
grizzly/00000140.jpg,grizzly
grizzly/00000158.jpg,grizzly
grizzly/00000041.jpg,grizzly
grizzly/00000069.jpg,grizzly
grizzly/00000135.jpg,grizzly
grizzly/00000126.jpg,grizzly
grizzly/00000045.jpg,grizzly
grizzly/00000062.jpg,grizzly
grizzly/00000187.jpeg,grizzly
grizzly/00000016.jpg,grizzly
grizzly/00000074.jpg,grizzly
grizzly/00000050.png,grizzly
grizzly/00000128.jpg,grizzly
grizzly/00000032.jpg,grizzly
grizzly/00000020.jpg,grizzly
grizzly/00000195.jpg,grizzly
grizzly/00000023.jpg,grizzly
grizzly/00000019.jpg,grizzly
grizzly/00000008.jpg,grizzly
grizzly/00000035.jpg,grizzly
grizzly/00000029.jpg,grizzly
grizzly/00000114.jpg,grizzly
grizzly/00000163.jpg,grizzly
grizzly/00000065.jpg,grizzly
grizzly/00000083.jpg,grizzly
grizzly/00000181.JPG,grizzly
grizzly/00000150.jpg,grizzly
grizzly/00000088.jpg,grizzly
grizzly/00000014.jpg,grizzly
grizzly/00000059.jpg,grizzly
grizzly/00000111.jpg,grizzly
grizzly/00000110.jpg,grizzly
grizzly/00000017.jpg,grizzly
grizzly/00000052.jpg,grizzly
grizzly/00000043.JPG,grizzly
grizzly/00000101.jpg,grizzly
grizzly/00000106.jpg,grizzly
grizzly/00000042.jpg,grizzly
grizzly/00000191.jpg,grizzly
grizzly/00000091.jpg,grizzly
grizzly/00000066.jpg,grizzly
grizzly/00000130.jpg,grizzly
grizzly/00000046.jpg,grizzly
grizzly/00000025.jpg,grizzly
grizzly/00000006.jpg,grizzly
grizzly/00000153.jpg,grizzly
grizzly/00000132.jpg,grizzly
grizzly/00000124.jpg,grizzly
grizzly/00000109.jpg,grizzly
grizzly/00000176.JPG,grizzly
grizzly/00000170.jpg,grizzly
grizzly/00000009.jpg,grizzly
grizzly/00000146.jpg,grizzly
grizzly/00000063.jpg,grizzly
grizzly/00000142.jpg,grizzly
grizzly/00000071.jpg,grizzly
grizzly/00000167.jpg,grizzly
grizzly/00000177.jpg,grizzly
grizzly/00000127.jpg,grizzly
grizzly/00000001.jpg,grizzly
grizzly/00000082.jpg,grizzly
grizzly/00000027.jpg,grizzly
grizzly/00000161.jpg,grizzly
grizzly/00000036.jpeg,grizzly
grizzly/00000010.JPG,grizzly
grizzly/00000097.jpg,grizzly
grizzly/00000070.jpg,grizzly
grizzly/00000164.jpg,grizzly
grizzly/00000018.jpg,grizzly
grizzly/00000067.jpg,grizzly
grizzly/00000026.jpg,grizzly
grizzly/00000047.jpg,grizzly
grizzly/00000184.jpg,grizzly
grizzly/00000157.jpg,grizzly
grizzly/00000141.jpg,grizzly
grizzly/00000107.jpg,grizzly
grizzly/00000199.png,grizzly
grizzly/00000194.jpg,grizzly
grizzly/00000040.jpg,grizzly
grizzly/00000186.jpg,grizzly
grizzly/00000115.jpg,grizzly
grizzly/00000104.jpg,grizzly
grizzly/00000056.JPG,grizzly
grizzly/00000122.jpg,grizzly
grizzly/00000147.jpg,grizzly
grizzly/00000137.jpg,grizzly
grizzly/00000092.jpg,grizzly
grizzly/00000182.jpg,grizzly
grizzly/00000116.jpg,grizzly
grizzly/00000078.jpg,grizzly
grizzly/00000169.jpg,grizzly
grizzly/00000093.jpg,grizzly
grizzly/00000039.jpg,grizzly
grizzly/00000033.jpg,grizzly
grizzly/00000089.jpg,grizzly
grizzly/00000085.jpg,grizzly
grizzly/00000054.jpg,grizzly
grizzly/00000005.jpg,grizzly
